1,Ho Nguyen Bao Tran,tran@gmail.com,5/12/2003,12/2/2024,1234,hinh1.png
2,Nguyen Van A,a@gmail.com,6/12/2003,13/2/2024,a123,hinh2.png
3,Tran Van B,b@gmail.com,7/12/2003,14/2/2024,b123,hinh3.png
4,Nguyen Ngoc Ly,ly@gmail.com,8/12/2003,15/2/2024,ha123,hinh4.png
5,Tran Van C,c@gmail.com,9/12/2003,16/2/2024,c123,hinh5.png
6,Huynh Anh,anh@gmail.com,10/12/2003,17/2/2024,anh123,hinh6.png
7,Nguyen Thuy Chi,chi@gmail.com,11/12/2003,18/2/2024,chi123,hinh7.png
8,Vo Phuong,phuong@gmail.com,12/12/2003,19/2/2024,phuong123,hinh8.png
9,Le Ha,ha@gmail.com,13/12/2003,20/2/2024,ha123,hinh9.png
10,Tran Van Phong,phong@gmail.com,14/12/2003,21/2/2024,phong123,hinh10.png
11,Huynh Van Hoang,hoang@gmail.com,15/12/2003,22/2/2024,hoang123,hinh11.png
12,Dinh Hoai Thanh,thanh@gmail.com,16/12/2003,23/2/2024,thanh123,hinh12.png
13,Ho Khuong,khuong@gmail.com,17/12/2003,24/2/2024,khuong123,hinh13.png
14,Tran Ha Ngoc,ngoc@gmail.com,18/12/2003,25/2/2024,ngoc123,hinh14.png
15,Nguyen Tuan,tuan@gmail.com,19/12/2003,26/2/2024,tuan123,hinh15.png
